participant_id,item,rating,rt
10,valence.png,9,9.298149585723877
10,arousal.png,8,4.271741151809692
10,control.png,2,5.447049379348755
10,I feel like the interrogator responded naturally to me.,7,4.9308459758758545
10,I feel like the story transpired naturally according to my decisions.,6,4.513951063156128
10,I feel like the interrogator knew how I was feeling.,7,4.912564039230347
10,I understood the events in the story as though I were the character.,6,5.923757791519165
10,I imagined being in my character�s situation.,7,4.46593713760376
10,I felt like I was in my character's head.,5,4.184615135192871
10,I cared about the consequences my character faced.,6,3.4621694087982178
10,I felt absorbed in the situation.,7,5.170197248458862
10,I felt like I was really inside the scene.,7,7.414409875869751
10,My attention was fully focused on what was happening.,6,5.205687046051025
