participant_id,item,rating,rt
11,valence.png,8,1769.1078321933746
11,arousal.png,1,6.870155572891235
11,control.png,5,10.543564319610596
11,I feel like the interrogator responded naturally to me.,5,12.327981948852539
11,I feel like the story transpired naturally according to my decisions.,5,8.485824584960938
11,I feel like the interrogator knew how I was feeling.,4,7.464714765548706
11,I understood the events in the story as though I were the character.,5,9.171651601791382
11,I imagined being in my character�s situation.,6,5.6307477951049805
11,I felt like I was in my character's head.,6,5.0134899616241455
11,I cared about the consequences my character faced.,5,11.733352184295654
11,I felt absorbed in the situation.,6,4.1510443687438965
11,I felt like I was really inside the scene.,6,6.65824294090271
11,My attention was fully focused on what was happening.,6,4.260002851486206
