participant_id,item,rating,rt
12,valence.png,9,754.0958096981049
12,arousal.png,7,8.371845722198486
12,control.png,6,7.065097093582153
12,I feel like the interrogator responded naturally to me.,6,9.501483678817749
12,I feel like the story transpired naturally according to my decisions.,6,5.044331312179565
12,I feel like the interrogator knew how I was feeling.,4,8.7532799243927
12,I understood the events in the story as though I were the character.,7,3.650850296020508
12,I imagined being in my character�s situation.,6,4.196501016616821
12,I felt like I was in my character's head.,6,3.729031562805176
12,I cared about the consequences my character faced.,7,2.7972283363342285
12,I felt absorbed in the situation.,7,2.405674934387207
12,I felt like I was really inside the scene.,7,4.206039190292358
12,My attention was fully focused on what was happening.,7,3.2593607902526855
