participant_id,item,rating,rt
13,valence.png,7,833.1860592365265
13,arousal.png,6,12.013599157333374
13,control.png,5,11.620681047439575
13,I feel like the interrogator responded naturally to me.,6,9.02049732208252
13,I feel like the story transpired naturally according to my decisions.,5,6.272074222564697
13,I feel like the interrogator knew how I was feeling.,5,8.798070192337036
13,I understood the events in the story as though I were the character.,7,4.859855890274048
13,I imagined being in my character�s situation.,7,4.891746282577515
13,I felt like I was in my character's head.,6,4.712524652481079
13,I cared about the consequences my character faced.,6,4.190067291259766
13,I felt absorbed in the situation.,6,6.938071250915527
13,I felt like I was really inside the scene.,6,5.29607081413269
13,My attention was fully focused on what was happening.,6,9.644436597824097
