participant_id,item,rating,rt
14,valence.png,7,827.1971070766449
14,arousal.png,3,13.374614715576172
14,control.png,5,6.3418824672698975
14,I feel like the interrogator responded naturally to me.,5,17.006519556045532
14,I feel like the story transpired naturally according to my decisions.,6,8.227123975753784
14,I feel like the interrogator knew how I was feeling.,5,6.421526193618774
14,I understood the events in the story as though I were the character.,7,8.793200492858887
14,I imagined being in my character�s situation.,4,11.447999238967896
14,I felt like I was in my character's head.,4,5.782538175582886
14,I cared about the consequences my character faced.,6,5.377145528793335
14,I felt absorbed in the situation.,6,5.755258321762085
14,I felt like I was really inside the scene.,3,11.227025747299194
14,My attention was fully focused on what was happening.,5,4.839793920516968
