participant_id,item,rating,rt
15,valence.png,8,850.2647948265076
15,arousal.png,4,12.501887559890747
15,control.png,3,8.716400146484375
15,I feel like the interrogator responded naturally to me.,2,10.117758512496948
15,I feel like the story transpired naturally according to my decisions.,6,6.3149473667144775
15,I feel like the interrogator knew how I was feeling.,3,24.567923307418823
15,I understood the events in the story as though I were the character.,4,17.136438131332397
15,I imagined being in my character�s situation.,5,6.7902021408081055
15,I felt like I was in my character's head.,6,11.889093399047852
15,I cared about the consequences my character faced.,5,19.001979112625122
15,I felt absorbed in the situation.,6,4.289137840270996
15,I felt like I was really inside the scene.,6,3.2914962768554688
15,My attention was fully focused on what was happening.,7,4.307456731796265
