participant_id,item,rating,rt
16,valence.png,7,9.005683422088623
16,arousal.png,1,6.994800567626953
16,control.png,3,7.831143856048584
16,I feel like the interrogator responded naturally to me.,4,6.756573915481567
16,I feel like the story transpired naturally according to my decisions.,3,6.805853366851807
16,I feel like the interrogator knew how I was feeling.,2,6.141050338745117
16,I understood the events in the story as though I were the character.,3,7.648862600326538
16,I imagined being in my character�s situation.,5,11.478812217712402
16,I felt like I was in my character's head.,4,3.226073741912842
16,I cared about the consequences my character faced.,4,4.33115029335022
16,I felt absorbed in the situation.,4,5.5807013511657715
16,I felt like I was really inside the scene.,4,5.455167293548584
16,My attention was fully focused on what was happening.,5,7.416067838668823
