participant_id,item,rating,rt
17,valence.png,8,16.351481914520264
17,arousal.png,2,6.857032299041748
17,control.png,6,11.760387897491455
17,I feel like the interrogator responded naturally to me.,5,11.049168348312378
17,I feel like the story transpired naturally according to my decisions.,5,6.404517412185669
17,I feel like the interrogator knew how I was feeling.,6,7.514924764633179
17,I understood the events in the story as though I were the character.,7,7.897428035736084
17,I imagined being in my character�s situation.,7,3.8070714473724365
17,I felt like I was in my character's head.,7,5.58131742477417
17,I cared about the consequences my character faced.,5,8.915260791778564
17,I felt absorbed in the situation.,6,4.1545281410217285
17,I felt like I was really inside the scene.,5,4.538245677947998
17,My attention was fully focused on what was happening.,5,4.656020164489746
