participant_id,item,rating,rt
18,valence.png,8,778.0970833301544
18,arousal.png,3,11.634126424789429
18,control.png,5,6.626098394393921
18,I feel like the interrogator responded naturally to me.,6,9.458073854446411
18,I feel like the story transpired naturally according to my decisions.,7,10.506142854690552
18,I feel like the interrogator knew how I was feeling.,5,8.871770143508911
18,I understood the events in the story as though I were the character.,6,7.173388957977295
18,I imagined being in my character�s situation.,6,8.973865509033203
18,I felt like I was in my character's head.,5,7.614517450332642
18,I cared about the consequences my character faced.,6,6.150082588195801
18,I felt absorbed in the situation.,7,7.409773826599121
18,I felt like I was really inside the scene.,6,10.633175134658813
18,My attention was fully focused on what was happening.,7,5.406752347946167
