participant_id,item,rating,rt
19,valence.png,8,966.081127166748
19,arousal.png,3,11.471936464309692
19,control.png,6,8.109315395355225
19,I feel like the interrogator responded naturally to me.,6,8.110914945602417
19,I feel like the story transpired naturally according to my decisions.,7,7.017449617385864
19,I feel like the interrogator knew how I was feeling.,5,11.049335956573486
19,I understood the events in the story as though I were the character.,7,7.860583305358887
19,I imagined being in my character�s situation.,7,3.939772844314575
19,I felt like I was in my character's head.,7,3.4712612628936768
19,I cared about the consequences my character faced.,6,6.339589357376099
19,I felt absorbed in the situation.,5,4.362971544265747
19,I felt like I was really inside the scene.,6,5.5703136920928955
19,My attention was fully focused on what was happening.,7,11.045207262039185
