participant_id,item,rating,rt
1,valence.png,8,12.756365060806274
1,arousal.png,6,8.678893566131592
1,control.png,6,5.803688049316406
1,I feel like the interrogator responded naturally to me.,6,9.931375503540039
1,I feel like the story transpired naturally according to my decisions.,6,10.097753524780273
1,I feel like the interrogator knew how I was feeling.,4,14.78576922416687
1,I understood the events in the story as though I were the character.,7,10.382623195648193
1,I imagined being in my character�s situation.,6,7.866907596588135
1,I felt like I was in my character's head.,5,9.198731184005737
1,I cared about the consequences my character faced.,3,5.796254634857178
1,I felt absorbed in the situation.,7,8.405964612960815
1,I felt like I was really inside the scene.,6,7.910502910614014
1,My attention was fully focused on what was happening.,7,4.148279905319214
