participant_id,item,rating,rt
20,valence.png,8,725.0512309074402
20,arousal.png,6,7.912910461425781
20,control.png,4,8.370335817337036
20,I feel like the interrogator responded naturally to me.,4,5.408515214920044
20,I feel like the story transpired naturally according to my decisions.,5,5.516421556472778
20,I feel like the interrogator knew how I was feeling.,3,4.198148727416992
20,I understood the events in the story as though I were the character.,7,4.684732675552368
20,I imagined being in my character�s situation.,5,3.6873443126678467
20,I felt like I was in my character's head.,6,6.495438098907471
20,I cared about the consequences my character faced.,7,6.056958436965942
20,I felt absorbed in the situation.,7,2.5324196815490723
20,I felt like I was really inside the scene.,6,3.732503652572632
20,My attention was fully focused on what was happening.,7,2.9603235721588135
