participant_id,item,rating,rt
21,valence.png,8,1004.2147443294525
21,arousal.png,6,5.827853679656982
21,control.png,3,8.936635255813599
21,I feel like the interrogator responded naturally to me.,7,4.935906410217285
21,I feel like the story transpired naturally according to my decisions.,6,8.271376132965088
21,I feel like the interrogator knew how I was feeling.,4,5.592252492904663
21,I understood the events in the story as though I were the character.,7,5.152182102203369
21,I imagined being in my character�s situation.,6,4.0019800662994385
21,I felt like I was in my character's head.,6,6.58810567855835
21,I cared about the consequences my character faced.,5,7.070164203643799
21,I felt absorbed in the situation.,6,3.1183738708496094
21,I felt like I was really inside the scene.,5,5.428990364074707
21,My attention was fully focused on what was happening.,7,5.059234142303467
