participant_id,item,rating,rt
22,valence.png,9,866.2280955314636
22,arousal.png,4,16.266077518463135
22,control.png,6,6.529213190078735
22,I feel like the interrogator responded naturally to me.,7,5.42066764831543
22,I feel like the story transpired naturally according to my decisions.,7,7.4691736698150635
22,I feel like the interrogator knew how I was feeling.,6,5.171803712844849
22,I understood the events in the story as though I were the character.,5,8.55210566520691
22,I imagined being in my character�s situation.,5,5.220945358276367
22,I felt like I was in my character's head.,6,5.665857553482056
22,I cared about the consequences my character faced.,5,5.529927730560303
22,I felt absorbed in the situation.,6,3.8132503032684326
22,I felt like I was really inside the scene.,6,5.266767978668213
22,My attention was fully focused on what was happening.,7,3.8863022327423096
