participant_id,item,rating,rt
23,valence.png,7,1366.0809321403503
23,arousal.png,9,4.583541631698608
23,control.png,4,5.893953800201416
23,I feel like the interrogator responded naturally to me.,6,9.390249252319336
23,I feel like the story transpired naturally according to my decisions.,6,9.63351821899414
23,I feel like the interrogator knew how I was feeling.,5,5.288392782211304
23,I understood the events in the story as though I were the character.,7,9.270856380462646
23,I imagined being in my character�s situation.,6,8.676472663879395
23,I felt like I was in my character's head.,7,5.8402626514434814
23,I cared about the consequences my character faced.,7,4.906524419784546
23,I felt absorbed in the situation.,6,3.216017246246338
23,I felt like I was really inside the scene.,7,7.678532600402832
23,My attention was fully focused on what was happening.,7,4.019346237182617
