participant_id,item,rating,rt
24,valence.png,7,13.016894578933716
24,arousal.png,5,9.935999155044556
24,control.png,8,4.825449228286743
24,I feel like the interrogator responded naturally to me.,5,8.702280282974243
24,I feel like the story transpired naturally according to my decisions.,6,6.689923286437988
24,I feel like the interrogator knew how I was feeling.,3,5.075159072875977
24,I understood the events in the story as though I were the character.,5,4.288578510284424
24,I imagined being in my character�s situation.,4,4.182945728302002
24,I felt like I was in my character's head.,5,3.508660078048706
24,I cared about the consequences my character faced.,4,5.831263065338135
24,I felt absorbed in the situation.,6,6.7699689865112305
24,I felt like I was really inside the scene.,5,2.5973432064056396
24,My attention was fully focused on what was happening.,5,3.975133180618286
