participant_id,item,rating,rt
25,valence.png,6,763.0391497612
25,arousal.png,5,10.833568334579468
25,control.png,4,21.16205143928528
25,I feel like the interrogator responded naturally to me.,3,16.141851663589478
25,I feel like the story transpired naturally according to my decisions.,6,22.11662769317627
25,I feel like the interrogator knew how I was feeling.,4,9.026268243789673
25,I understood the events in the story as though I were the character.,3,16.453298807144165
25,I imagined being in my character�s situation.,6,10.30726408958435
25,I felt like I was in my character's head.,6,7.125055551528931
25,I cared about the consequences my character faced.,7,7.37380051612854
25,I felt absorbed in the situation.,6,11.701429843902588
25,I felt like I was really inside the scene.,7,6.826732158660889
25,My attention was fully focused on what was happening.,7,7.199736595153809
