participant_id,item,rating,rt
26,valence.png,7,11.358301162719727
26,arousal.png,6,19.363523721694946
26,control.png,6,20.960094928741455
26,I feel like the interrogator responded naturally to me.,5,5.278116941452026
26,I feel like the story transpired naturally according to my decisions.,4,4.766730308532715
26,I feel like the interrogator knew how I was feeling.,5,6.26725172996521
26,I understood the events in the story as though I were the character.,5,8.099208354949951
26,I imagined being in my character�s situation.,5,7.48518705368042
26,I felt like I was in my character's head.,4,3.9616498947143555
26,I cared about the consequences my character faced.,5,6.338210105895996
26,I felt absorbed in the situation.,6,8.191064596176147
26,I felt like I was really inside the scene.,6,9.973339080810547
26,My attention was fully focused on what was happening.,6,9.868293762207031
