participant_id,item,rating,rt
27,valence.png,8,712.2233636379242
27,arousal.png,5,10.87537932395935
27,control.png,3,6.865494012832642
27,I feel like the interrogator responded naturally to me.,5,7.248853921890259
27,I feel like the story transpired naturally according to my decisions.,5,7.448137521743774
27,I feel like the interrogator knew how I was feeling.,3,11.016707420349121
27,I understood the events in the story as though I were the character.,3,6.547396183013916
27,I imagined being in my character�s situation.,7,10.038029193878174
27,I felt like I was in my character's head.,7,6.403142213821411
27,I cared about the consequences my character faced.,5,4.051881790161133
27,I felt absorbed in the situation.,4,4.170388460159302
27,I felt like I was really inside the scene.,5,3.6705994606018066
27,My attention was fully focused on what was happening.,5,5.4823150634765625
