participant_id,item,rating,rt
2,valence.png,7,13.482038497924805
2,arousal.png,7,12.089037418365479
2,control.png,5,6.107044696807861
2,I feel like the interrogator responded naturally to me.,5,13.187142848968506
2,I feel like the story transpired naturally according to my decisions.,6,11.583138704299927
2,I feel like the interrogator knew how I was feeling.,6,6.037996292114258
2,I understood the events in the story as though I were the character.,4,8.360517263412476
2,I imagined being in my character�s situation.,4,6.799641132354736
2,I felt like I was in my character's head.,5,4.5477135181427
2,I cared about the consequences my character faced.,7,4.364408493041992
2,I felt absorbed in the situation.,6,3.231764316558838
2,I felt like I was really inside the scene.,6,3.4640121459960938
2,My attention was fully focused on what was happening.,6,10.637704849243164
