participant_id,item,rating,rt
3,valence.png,7,755.8618993759155
3,arousal.png,3,5.846978425979614
3,control.png,7,5.942502975463867
3,I feel like the interrogator responded naturally to me.,5,6.574045658111572
3,I feel like the story transpired naturally according to my decisions.,5,7.810200214385986
3,I feel like the interrogator knew how I was feeling.,6,5.671337604522705
3,I understood the events in the story as though I were the character.,6,8.213741064071655
3,I imagined being in my character�s situation.,6,5.3666181564331055
3,I felt like I was in my character's head.,5,5.005547761917114
3,I cared about the consequences my character faced.,3,5.829485177993774
3,I felt absorbed in the situation.,5,4.527861595153809
3,I felt like I was really inside the scene.,5,3.074625015258789
3,My attention was fully focused on what was happening.,5,3.590088367462158
