participant_id,item,rating,rt
4,valence.png,7,768.481575012207
4,arousal.png,4,8.352930545806885
4,control.png,5,8.492435932159424
4,I feel like the interrogator responded naturally to me.,6,6.203936815261841
4,I feel like the story transpired naturally according to my decisions.,4,8.878832578659058
4,I feel like the interrogator knew how I was feeling.,3,4.579961061477661
4,I understood the events in the story as though I were the character.,6,7.923938751220703
4,I imagined being in my character�s situation.,3,7.340430974960327
4,I felt like I was in my character's head.,7,5.98468279838562
4,I cared about the consequences my character faced.,2,7.296215057373047
4,I felt absorbed in the situation.,4,6.625155687332153
4,I felt like I was really inside the scene.,6,5.790335416793823
4,My attention was fully focused on what was happening.,6,8.490538835525513
