participant_id,item,rating,rt
5,valence.png,4,857.5007028579712
5,arousal.png,3,12.916210651397705
5,control.png,1,11.987830877304077
5,I feel like the interrogator responded naturally to me.,2,12.263674974441528
5,I feel like the story transpired naturally according to my decisions.,5,9.459641933441162
5,I feel like the interrogator knew how I was feeling.,2,8.085562944412231
5,I understood the events in the story as though I were the character.,7,4.851166009902954
5,I imagined being in my character�s situation.,7,3.890758991241455
5,I felt like I was in my character's head.,5,3.853710651397705
5,I cared about the consequences my character faced.,7,5.292112112045288
5,I felt absorbed in the situation.,3,6.977941036224365
5,I felt like I was really inside the scene.,3,5.00376296043396
5,My attention was fully focused on what was happening.,7,4.869061470031738
