participant_id,item,rating,rt
6,valence.png,8,817.6483218669891
6,arousal.png,6,5.572557210922241
6,control.png,7,8.471705198287964
6,I feel like the interrogator responded naturally to me.,5,7.425162076950073
6,I feel like the story transpired naturally according to my decisions.,7,4.061553716659546
6,I feel like the interrogator knew how I was feeling.,6,8.74937105178833
6,I understood the events in the story as though I were the character.,6,5.9247260093688965
6,I imagined being in my character�s situation.,7,4.0254480838775635
6,I felt like I was in my character's head.,7,5.652073383331299
6,I cared about the consequences my character faced.,4,4.996351718902588
6,I felt absorbed in the situation.,5,3.1051740646362305
6,I felt like I was really inside the scene.,5,4.081950664520264
6,My attention was fully focused on what was happening.,6,3.6738293170928955
