participant_id,item,rating,rt
7,valence.png,7,780.7044956684113
7,arousal.png,4,6.0907886028289795
7,control.png,4,9.02442741394043
7,I feel like the interrogator responded naturally to me.,6,5.413065195083618
7,I feel like the story transpired naturally according to my decisions.,4,7.258049011230469
7,I feel like the interrogator knew how I was feeling.,4,7.553811073303223
7,I understood the events in the story as though I were the character.,5,6.679314613342285
7,I imagined being in my character�s situation.,6,3.351513385772705
7,I felt like I was in my character's head.,5,11.891513109207153
7,I cared about the consequences my character faced.,6,3.8913586139678955
7,I felt absorbed in the situation.,7,4.3914172649383545
7,I felt like I was really inside the scene.,6,3.357938051223755
7,My attention was fully focused on what was happening.,6,6.6729490756988525
