participant_id,item,rating,rt
8,valence.png,9,878.4332795143127
8,arousal.png,3,21.278854608535767
8,control.png,7,9.59048843383789
8,I feel like the interrogator responded naturally to me.,6,13.16476845741272
8,I feel like the story transpired naturally according to my decisions.,6,36.42882752418518
8,I feel like the interrogator knew how I was feeling.,4,6.499862194061279
8,I understood the events in the story as though I were the character.,6,8.948736190795898
8,I imagined being in my character�s situation.,6,19.200477838516235
8,I felt like I was in my character's head.,5,15.746336698532104
8,I cared about the consequences my character faced.,5,13.074225425720215
8,I felt absorbed in the situation.,7,4.273541212081909
8,I felt like I was really inside the scene.,6,6.416294574737549
8,My attention was fully focused on what was happening.,6,4.7773191928863525
