participant_id,item,rating,rt
9,valence.png,8,796.3042125701904
9,arousal.png,4,6.218280076980591
9,control.png,4,8.237165927886963
9,I feel like the interrogator responded naturally to me.,5,6.188160419464111
9,I feel like the story transpired naturally according to my decisions.,5,4.690017223358154
9,I feel like the interrogator knew how I was feeling.,5,11.742578744888306
9,I understood the events in the story as though I were the character.,7,4.588357925415039
9,I imagined being in my character�s situation.,7,4.875229835510254
9,I felt like I was in my character's head.,6,5.02076268196106
9,I cared about the consequences my character faced.,6,3.464970111846924
9,I felt absorbed in the situation.,7,2.628693103790283
9,I felt like I was really inside the scene.,7,3.035933256149292
9,My attention was fully focused on what was happening.,7,4.274662733078003
